time,x,y
0.0,50,478
0.5,50,478
1.0,50,478
1.5,50,478
2.0,50,478
2.5,50,478
3.0,50,478
3.5,50,478
4.0,50,478
4.5,50,478
5.0,50,478
5.5,50,478
6.0,50,478
7.0,50,478
7.5,50,478
8.5,50,478
8.0,50,478
9.5,50,478
9.0,50,478
10.5,50,478
10.0,50,478
11.5,50,478
11.0,50,478
12.5,50,478
12.0,50,478
13.5,50,478
13.0,50,478
14.5,50,478
14.0,50,478
15.5,50,478
15.0,50,478
17.0,50,478
17.5,50,478
16.0,50,478
16.5,50,478
19.0,50,478
19.5,50,478
18.0,50,478
18.5,50,478
21.0,50,478
21.5,50,478
20.0,50,478
20.5,50,478
23.0,50,478
23.5,50,478
22.0,50,478
22.5,50,478
25.5,50,478
25.0,50,478
24.5,50,478
24.0,50,478
27.5,50,478
27.0,50,478
26.5,50,478
26.0,50,478
29.5,50,478
29.0,50,478
28.5,50,478
28.0,50,478
31.5,50,478
31.0,50,478
30.5,50,478
30.0,50,478
34.0,50,478
34.5,50,478
35.0,50,478
35.5,50,478
32.0,50,478
32.5,50,478
33.0,50,478
33.5,50,478
38.0,50,478
38.5,50,478
39.0,50,478
39.5,50,478
36.0,50,478
36.5,50,478
37.0,50,478
37.5,50,478
42.5,50,478
42.0,50,478
43.5,50,478
43.0,50,478
40.5,50,478
40.0,50,478
41.5,50,478
41.0,50,478
46.5,216,413
46.0,168,432
47.5,276,370
47.0,259,392
45.5,109,451
45.0,52,476
51.0,145,291
51.5,144,290
50.0,169,320
50.5,147,297
49.0,188,349
49.5,175,325
48.0,243,353
48.5,203,349
55.0,157,268
55.5,172,268
54.0,149,273
54.5,150,270
53.0,146,279
53.5,148,277
52.0,141,287
52.5,139,286
59.5,177,271
59.0,177,271
58.5,177,271
58.0,177,271
57.5,176,270
57.0,176,270
56.5,176,270
56.0,172,268
63.5,192,271
63.0,179,272
62.5,177,272
62.0,177,272
61.5,177,272
61.0,177,272
60.5,177,272
60.0,177,272
68.5,253,259
68.0,250,259
69.5,253,259
69.0,253,259
70.5,257,261
70.0,253,259
71.5,257,261
71.0,257,261
64.5,205,265
64.0,205,265
65.5,211,261
65.0,205,265
66.5,240,259
66.0,234,259
67.5,245,259
67.0,243,259
76.0,254,253
76.5,254,253
77.0,254,253
77.5,254,253
78.0,254,253
78.5,254,253
79.0,253,253
79.5,253,253
72.0,257,261
72.5,257,261
73.0,257,261
73.5,257,261
74.0,260,259
74.5,260,259
75.0,261,259
75.5,255,254
85.5,242,252
85.0,239,253
84.5,239,253
84.0,243,253
87.5,249,248
87.0,249,248
86.5,249,248
86.0,249,248
81.5,244,253
81.0,253,253
80.5,253,253
80.0,253,253
83.5,244,253
83.0,244,253
82.5,244,253
82.0,244,253
93.0,225,251
93.5,225,251
92.0,233,251
92.5,225,251
95.0,225,251
95.5,225,251
94.0,225,251
94.5,225,251
89.0,249,248
89.5,249,248
88.0,249,248
88.5,249,248
91.0,249,248
91.5,249,248
90.0,249,248
90.5,249,248
102.5,235,252
102.0,226,251
103.5,253,255
103.0,242,252
100.5,225,251
100.0,225,251
101.5,225,251
101.0,225,251
98.5,225,251
98.0,225,251
99.5,225,251
99.0,225,251
96.5,225,251
96.0,225,251
97.5,225,251
97.0,225,251
110.0,339,269
110.5,339,269
111.0,339,269
111.5,339,269
108.0,320,264
108.5,328,265
109.0,329,265
109.5,338,269
106.0,284,264
106.5,290,264
107.0,296,264
107.5,302,264
104.0,260,256
104.5,271,260
105.0,272,261
105.5,281,264
119.5,347,272
119.0,347,272
118.5,347,272
118.0,347,272
117.5,347,272
117.0,347,272
116.5,347,272
116.0,347,272
115.5,347,272
115.0,347,272
114.5,347,272
114.0,347,272
113.5,345,271
113.0,345,271
112.5,339,269
112.0,339,269
127.0,378,271
127.5,378,271
126.0,378,271
126.5,378,271
125.0,378,269
125.5,378,270
124.0,378,269
124.5,378,269
123.0,373,266
123.5,376,268
122.0,373,266
122.5,373,266
121.0,373,266
121.5,373,266
120.0,347,272
120.5,367,266
137.5,406,304
137.0,412,303
136.5,405,296
136.0,402,294
139.5,365,296
139.0,381,302
138.5,393,302
138.0,404,304
141.5,345,302
141.0,345,300
140.5,337,296
140.0,338,296
143.5,341,301
143.0,345,302
142.5,345,302
142.0,345,302
129.0,378,271
129.5,378,271
128.0,378,271
128.5,378,271
131.0,378,271
131.5,369,273
130.0,378,271
130.5,378,271
133.0,362,275
133.5,370,283
132.0,363,274
132.5,362,274
135.0,387,290
135.5,393,293
134.0,374,286
134.5,381,288
152.5,196,278
152.0,197,278
153.5,193,280
153.0,194,280
154.5,193,280
154.0,193,280
155.5,193,280
155.0,193,280
156.5,192,281
156.0,193,280
157.5,179,278
157.0,184,280
158.5,170,277
158.0,170,277
159.5,161,277
159.0,168,277
144.0,328,300
144.5,314,297
145.0,295,296
145.5,283,295
146.0,280,295
146.5,269,294
147.0,255,292
147.5,245,293
148.0,229,290
148.5,218,288
149.0,201,286
149.5,203,282
150.0,203,279
150.5,203,279
151.0,203,279
151.5,202,279
171.5,151,280
171.0,151,280
170.5,151,280
170.0,151,280
169.5,151,280
169.0,151,280
168.5,151,280
168.0,151,280
175.5,151,280
175.0,151,280
174.5,151,280
174.0,151,280
173.5,151,280
173.0,151,280
172.5,151,280
172.0,151,280
163.0,157,279
163.5,155,280
162.0,160,277
162.5,160,277
161.0,160,277
161.5,160,277
160.0,160,277
160.5,160,277
167.0,151,280
167.5,151,280
166.0,151,280
166.5,151,280
165.0,154,280
165.5,151,280
164.0,154,280
164.5,154,280
186.5,151,280
186.0,151,280
187.5,151,280
187.0,151,280
184.5,151,280
184.0,151,280
185.5,151,280
185.0,151,280
190.5,151,280
190.0,151,280
191.5,151,280
191.0,151,280
188.5,151,280
188.0,151,280
189.5,151,280
189.0,151,280
178.0,151,280
178.5,151,280
179.0,151,280
179.5,151,280
176.0,151,280
176.5,151,280
177.0,151,280
177.5,151,280
182.0,151,280
182.5,151,280
183.0,151,280
183.5,151,280
180.0,151,280
180.5,151,280
181.0,151,280
181.5,151,280
205.0,151,280
205.5,151,280
204.0,151,280
204.5,151,280
207.0,151,280
207.5,151,280
206.0,151,280
206.5,151,280
201.0,151,280
201.5,151,280
200.0,151,280
200.5,151,280
203.0,151,280
203.5,151,280
202.0,151,280
202.5,151,280
197.5,151,280
197.0,151,280
196.5,151,280
196.0,151,280
199.5,151,280
199.0,151,280
198.5,151,280
198.0,151,280
193.5,151,280
193.0,151,280
192.5,151,280
192.0,151,280
195.5,151,280
195.0,151,280
194.5,151,280
194.0,151,280
220.0,147,279
220.5,147,279
221.0,147,279
221.5,147,279
222.0,147,279
222.5,147,279
223.0,147,279
223.5,147,279
216.0,151,279
216.5,149,279
217.0,149,279
217.5,148,279
218.0,148,279
218.5,147,279
219.0,147,279
219.5,147,279
212.5,151,280
212.0,151,280
213.5,151,280
213.0,151,280
214.5,151,280
214.0,151,280
215.5,151,280
215.0,151,280
208.5,151,280
208.0,151,280
209.5,151,280
209.0,151,280
210.5,151,280
210.0,151,280
211.5,151,280
211.0,151,280
239.0,144,281
239.5,146,281
238.0,132,278
238.5,132,278
237.0,132,278
237.5,132,278
236.0,132,278
236.5,132,278
235.0,132,278
235.5,132,278
234.0,132,278
234.5,132,278
233.0,132,278
233.5,132,278
232.0,132,278
232.5,132,278
231.5,132,278
231.0,132,278
230.5,132,278
230.0,132,278
229.5,132,278
229.0,132,278
228.5,132,278
228.0,132,278
227.5,136,278
227.0,141,279
226.5,147,279
226.0,147,279
225.5,147,279
225.0,147,279
224.5,147,279
224.0,147,279
254.0,100,467
254.5,107,463
255.0,133,465
255.5,130,466
252.0,94,475
252.5,94,475
253.0,94,475
253.5,99,472
250.0,100,479
250.5,100,479
251.0,100,479
251.5,100,479
248.0,108,463
248.5,100,479
249.0,100,479
249.5,100,479
246.5,148,402
246.0,158,380
247.5,117,458
247.0,122,436
244.5,178,345
244.0,178,332
245.5,164,371
245.0,169,362
242.5,173,297
242.0,179,294
243.5,170,304
243.0,171,302
240.5,148,282
240.0,146,281
241.5,172,293
241.0,163,290
275.0,260,268
275.5,260,268
274.0,265,273
274.5,261,269
273.0,262,276
273.5,262,276
272.0,267,281
272.5,267,281
279.0,265,264
279.5,265,264
278.0,265,264
278.5,265,264
277.0,265,264
277.5,265,264
276.0,260,268
276.5,261,267
283.5,266,267
283.0,266,267
282.5,266,267
282.0,266,267
281.5,266,267
281.0,265,264
280.5,265,264
280.0,265,264
287.5,266,267
287.0,266,267
286.5,266,267
286.0,266,267
285.5,266,267
285.0,266,267
284.5,266,267
284.0,266,267
258.0,131,470
258.5,131,470
259.0,130,472
259.5,112,473
256.0,131,469
256.5,131,470
257.0,131,470
257.5,131,470
262.0,124,461
262.5,183,449
263.0,199,446
263.5,204,419
260.0,112,473
260.5,112,473
261.0,112,473
261.5,114,470
266.5,239,339
266.0,223,350
267.5,261,311
267.0,258,326
264.5,209,381
264.0,204,406
265.5,208,360
265.0,211,372
270.5,273,282
270.0,277,283
271.5,267,281
271.0,269,281
268.5,272,300
268.0,264,305
269.5,278,296
269.0,276,298
305.0,263,268
305.5,263,268
304.0,263,268
304.5,263,268
307.0,263,268
307.5,263,268
306.0,263,268
306.5,263,268
309.0,263,268
309.5,263,268
308.0,263,268
308.5,263,268
311.0,263,268
311.5,263,268
310.0,263,268
310.5,263,268
313.5,263,268
313.0,263,268
312.5,263,268
312.0,263,268
315.5,263,268
315.0,263,268
314.5,263,268
314.0,263,268
317.5,263,268
317.0,263,268
316.5,263,268
316.0,263,268
319.5,263,268
319.0,263,268
318.5,263,268
318.0,263,268
288.0,266,267
288.5,266,267
289.0,266,267
289.5,266,267
290.0,266,267
290.5,266,267
291.0,266,267
291.5,266,267
292.0,266,267
292.5,266,267
293.0,266,267
293.5,266,267
294.0,266,267
294.5,266,267
295.0,266,267
295.5,266,267
296.5,266,267
296.0,266,267
297.5,266,267
297.0,266,267
298.5,266,267
298.0,266,267
299.5,266,267
299.0,266,267
300.5,266,267
300.0,266,267
301.5,263,268
301.0,266,267
302.5,263,268
302.0,263,268
303.5,263,268
303.0,263,268
343.5,215,299
343.0,211,299
342.5,211,299
342.0,211,299
341.5,211,299
341.0,211,299
340.5,211,299
340.0,210,301
339.5,210,301
339.0,210,301
338.5,210,301
338.0,210,301
337.5,210,301
337.0,210,301
336.5,210,301
336.0,210,301
351.0,215,299
351.5,215,299
350.0,215,299
350.5,215,299
349.0,215,299
349.5,215,299
348.0,215,299
348.5,215,299
347.0,215,299
347.5,215,299
346.0,215,299
346.5,215,299
345.0,215,299
345.5,215,299
344.0,215,299
344.5,215,299
326.5,233,285
326.0,239,285
327.5,226,287
327.0,233,285
324.5,240,279
324.0,247,278
325.5,240,284
325.0,240,284
322.5,263,268
322.0,263,268
323.5,250,277
323.0,255,273
320.5,263,268
320.0,263,268
321.5,263,268
321.0,263,268
334.0,210,301
334.5,210,301
335.0,210,301
335.5,210,301
332.0,212,302
332.5,212,302
333.0,212,302
333.5,211,302
330.0,213,298
330.5,213,298
331.0,212,302
331.5,212,302
328.0,218,290
328.5,214,293
329.0,212,295
329.5,209,297
373.5,207,301
373.0,207,301
372.5,207,301
372.0,207,301
375.5,184,316
375.0,187,314
374.5,196,306
374.0,204,302
369.5,207,301
369.0,207,301
368.5,207,301
368.0,207,301
371.5,207,301
371.0,207,301
370.5,207,301
370.0,207,301
381.0,161,386
381.5,156,398
380.0,161,364
380.5,161,375
383.0,141,439
383.5,139,452
382.0,156,402
382.5,152,421
377.0,183,333
377.5,183,341
376.0,183,318
376.5,180,321
379.0,160,360
379.5,160,362
378.0,171,352
378.5,162,358
356.5,215,299
356.0,215,299
357.5,215,299
357.0,215,299
358.5,215,299
358.0,215,299
359.5,215,299
359.0,215,299
352.5,215,299
352.0,215,299
353.5,215,299
353.0,215,299
354.5,215,299
354.0,215,299
355.5,215,299
355.0,215,299
364.0,207,301
364.5,207,301
365.0,207,301
365.5,207,301
366.0,207,301
366.5,207,301
367.0,207,301
367.5,207,301
360.0,215,299
360.5,215,299
361.0,215,299
361.5,215,299
362.0,213,301
362.5,213,301
363.0,213,301
363.5,213,301
387.0,140,453
387.5,140,453
386.0,144,451
386.5,144,451
385.0,140,452
385.5,144,451
384.0,139,452
384.5,139,452
508.0,220,292
508.5,220,292
509.0,220,292
509.5,220,292
510.0,220,292
510.5,220,292
511.0,220,292
511.5,220,292
504.0,220,292
504.5,220,292
505.0,220,292
505.5,220,292
506.0,220,292
506.5,220,292
507.0,220,292
507.5,220,292
500.5,234,299
500.0,247,299
501.5,211,298
501.0,211,298
502.5,211,298
502.0,211,298
503.5,211,298
503.0,211,298
496.5,176,328
496.0,176,328
497.5,176,324
497.0,176,328
498.5,201,316
498.0,191,319
499.5,245,301
499.0,212,312
493.0,172,346
493.5,172,333
492.0,202,369
492.5,189,361
495.0,176,328
495.5,176,328
494.0,172,331
494.5,176,328
550.0,360,292
550.5,361,288
551.0,363,286
551.5,357,285
548.0,341,300
548.5,355,295
549.0,355,295
549.5,358,294
546.0,309,305
546.5,309,305
547.0,333,303
547.5,336,302
544.0,309,305
544.5,309,305
545.0,309,305
545.5,309,305
558.5,304,282
558.0,316,284
559.5,293,280
559.0,297,280
556.5,321,286
556.0,335,289
557.5,316,284
557.0,316,284
554.5,369,283
554.0,371,279
555.5,350,285
555.0,350,285
552.5,359,283
552.0,357,285
553.5,371,279
553.0,359,280
567.0,343,275
567.5,354,273
566.0,273,275
566.5,282,276
565.0,253,276
565.5,273,275
564.0,253,276
564.5,253,276
563.0,253,276
563.5,253,276
562.0,256,276
562.5,253,276
561.0,257,276
561.5,256,276
560.0,285,280
560.5,271,280
575.5,477,267
575.0,477,267
574.5,473,267
574.0,473,267
573.5,476,264
573.0,477,263
572.5,476,263
572.0,476,263
571.5,460,263
571.0,442,261
570.5,431,262
570.0,430,263
569.5,413,265
569.0,400,267
568.5,398,267
568.0,376,272
516.0,220,292
516.5,220,292
517.0,220,292
517.5,220,292
518.0,220,292
518.5,220,292
519.0,220,292
519.5,220,292
512.0,220,292
512.5,220,292
513.0,220,292
513.5,220,292
514.0,220,292
514.5,220,292
515.0,220,292
515.5,220,292
524.5,220,292
524.0,220,292
525.5,286,306
525.0,286,306
526.5,286,306
526.0,286,306
527.5,286,306
527.0,286,306
520.5,220,292
520.0,220,292
521.5,220,292
521.0,220,292
522.5,220,292
522.0,220,292
523.5,220,292
523.0,220,292
533.0,312,303
533.5,312,303
532.0,309,309
532.5,312,305
535.0,309,305
535.5,309,305
534.0,309,305
534.5,309,305
529.0,308,309
529.5,309,309
528.0,290,306
528.5,302,308
531.0,309,309
531.5,309,309
530.0,309,309
530.5,309,309
541.5,309,305
541.0,309,305
540.5,309,305
540.0,309,305
543.5,309,305
543.0,309,305
542.5,309,305
542.0,309,305
537.5,309,305
537.0,309,305
536.5,309,305
536.0,309,305
539.5,309,305
539.0,309,305
538.5,309,305
538.0,309,305
610.5,480,267
610.0,480,267
611.5,480,267
611.0,480,267
608.5,480,267
608.0,480,267
609.5,480,267
609.0,480,267
614.5,480,267
614.0,480,267
615.5,480,267
615.0,480,267
612.5,480,267
612.0,480,267
613.5,480,267
613.0,480,267
618.0,480,267
618.5,480,267
619.0,480,267
619.5,480,267
616.0,480,267
616.5,480,267
617.0,480,267
617.5,480,267
622.0,480,267
622.5,480,267
623.0,480,267
623.5,480,267
620.0,480,267
620.5,480,267
621.0,480,267
621.5,480,267
627.5,480,267
627.0,480,267
626.5,480,267
626.0,480,267
625.5,480,267
625.0,480,267
624.5,480,267
624.0,480,267
631.5,480,267
631.0,480,267
630.5,480,267
630.0,480,267
629.5,480,267
629.0,480,267
628.5,480,267
628.0,480,267
635.0,475,269
635.5,473,269
634.0,477,269
634.5,477,269
633.0,476,269
633.5,476,269
632.0,480,267
632.5,476,269
639.0,405,271
639.5,386,271
638.0,445,273
638.5,428,274
637.0,464,271
637.5,448,273
636.0,473,269
636.5,465,271
576.5,477,267
576.0,477,267
577.5,477,267
577.0,477,267
578.5,480,267
578.0,480,267
579.5,480,267
579.0,480,267
580.5,480,267
580.0,480,267
581.5,480,267
581.0,480,267
582.5,480,267
582.0,480,267
583.5,480,267
583.0,480,267
584.0,480,267
584.5,480,267
585.0,480,267
585.5,480,267
586.0,480,267
586.5,480,267
587.0,480,267
587.5,480,267
588.0,480,267
588.5,480,267
589.0,480,267
589.5,480,267
590.0,480,267
590.5,480,267
591.0,480,267
591.5,480,267
593.5,480,267
593.0,480,267
592.5,480,267
592.0,480,267
595.5,480,267
595.0,480,267
594.5,480,267
594.0,480,267
597.5,480,267
597.0,480,267
596.5,480,267
596.0,480,267
599.5,480,267
599.0,480,267
598.5,480,267
598.0,480,267
601.0,480,267
601.5,480,267
600.0,480,267
600.5,480,267
603.0,480,267
603.5,480,267
602.0,480,267
602.5,480,267
605.0,480,267
605.5,480,267
604.0,480,267
604.5,480,267
607.0,480,267
607.5,480,267
606.0,480,267
606.5,480,267
687.5,270,275
687.0,270,275
686.5,270,275
686.0,270,275
685.5,270,275
685.0,270,275
684.5,270,275
684.0,270,275
683.5,270,275
683.0,270,275
682.5,270,275
682.0,270,275
681.5,270,275
681.0,270,275
680.5,270,275
680.0,270,275
679.0,272,276
679.5,272,276
678.0,272,276
678.5,272,276
677.0,272,276
677.5,272,276
676.0,272,276
676.5,272,276
675.0,272,276
675.5,272,276
674.0,272,276
674.5,272,276
673.0,273,276
673.5,272,276
672.0,274,287
672.5,273,276
702.5,271,274
702.0,271,274
703.5,271,274
703.0,271,274
700.5,271,274
700.0,271,274
701.5,271,274
701.0,271,274
698.5,267,274
698.0,267,274
699.5,270,274
699.0,268,274
696.5,267,274
696.0,267,274
697.5,267,274
697.0,267,274
694.0,267,274
694.5,267,274
695.0,267,274
695.5,267,274
692.0,267,274
692.5,267,274
693.0,267,274
693.5,267,274
690.0,267,274
690.5,267,274
691.0,267,274
691.5,267,274
688.0,270,275
688.5,270,275
689.0,270,275
689.5,270,275
653.5,232,293
653.0,232,293
652.5,232,293
652.0,232,293
655.5,232,293
655.0,232,293
654.5,232,293
654.0,232,293
649.5,237,293
649.0,237,293
648.5,242,293
648.0,252,292
651.5,232,293
651.0,232,293
650.5,232,293
650.0,234,293
645.0,316,288
645.5,307,288
644.0,327,285
644.5,327,285
647.0,253,292
647.5,252,292
646.0,291,291
646.5,272,291
641.0,367,274
641.5,362,277
640.0,379,272
640.5,374,273
643.0,345,284
643.5,339,285
642.0,353,281
642.5,347,284
668.5,239,291
668.0,239,291
669.5,239,291
669.0,239,291
670.5,239,291
670.0,239,291
671.5,274,287
671.0,241,291
664.5,230,292
664.0,230,292
665.5,230,292
665.0,230,292
666.5,239,291
666.0,230,292
667.5,239,291
667.0,239,291
660.0,230,292
660.5,230,292
661.0,230,292
661.5,230,292
662.0,230,292
662.5,230,292
663.0,230,292
663.5,230,292
656.0,232,293
656.5,232,293
657.0,232,293
657.5,232,293
658.0,232,293
658.5,232,293
659.0,230,300
659.5,230,292
747.0,278,275
747.5,278,275
746.0,278,275
746.5,278,275
745.0,278,275
745.5,278,275
744.0,278,275
744.5,278,275
751.0,278,275
751.5,278,275
750.0,278,275
750.5,278,275
749.0,278,275
749.5,278,275
748.0,278,275
748.5,278,275
739.5,278,275
739.0,278,275
738.5,278,275
738.0,278,275
737.5,278,275
737.0,278,275
736.5,276,275
736.0,274,275
743.5,278,275
743.0,278,275
742.5,278,275
742.0,278,275
741.5,278,275
741.0,278,275
740.5,278,275
740.0,278,275
762.0,278,275
762.5,278,275
763.0,278,275
763.5,278,275
760.0,278,275
760.5,278,275
761.0,278,275
761.5,278,275
766.0,278,275
766.5,278,275
767.0,278,275
767.5,278,275
764.0,278,275
764.5,278,275
765.0,278,275
765.5,278,275
754.5,278,275
754.0,278,275
755.5,278,275
755.0,278,275
752.5,278,275
752.0,278,275
753.5,278,275
753.0,278,275
758.5,278,275
758.0,278,275
759.5,278,275
759.0,278,275
756.5,278,275
756.0,278,275
757.5,278,275
757.0,278,275
713.0,271,274
713.5,271,274
712.0,271,274
712.5,271,274
715.0,271,274
715.5,271,274
714.0,271,274
714.5,271,274
717.0,271,274
717.5,271,274
716.0,271,274
716.5,271,274
719.0,271,274
719.5,271,274
718.0,271,274
718.5,271,274
705.5,271,274
705.0,271,274
704.5,271,274
704.0,271,274
707.5,271,274
707.0,271,274
706.5,271,274
706.0,271,274
709.5,271,274
709.0,271,274
708.5,271,274
708.0,271,274
711.5,271,274
711.0,271,274
710.5,271,274
710.0,271,274
728.0,271,274
728.5,271,274
729.0,271,274
729.5,271,274
730.0,271,274
730.5,273,274
731.0,273,274
731.5,273,274
732.0,273,274
732.5,273,274
733.0,273,274
733.5,273,274
734.0,273,274
734.5,274,275
735.0,274,275
735.5,274,275
720.5,271,274
720.0,271,274
721.5,271,274
721.0,271,274
722.5,271,274
722.0,271,274
723.5,271,274
723.0,271,274
724.0,271,274
725.5,271,274
725.0,271,274
726.5,271,274
726.0,271,274
727.5,271,274
727.0,271,274
821.0,177,288
821.5,133,289
820.0,207,287
820.5,193,288
823.0,77,286
823.5,77,286
822.0,97,287
822.5,77,286
817.0,207,287
817.5,207,287
816.0,207,287
816.5,207,287
819.0,207,287
819.5,207,287
818.0,207,287
818.5,207,287
829.5,175,283
829.0,160,282
828.5,128,277
828.0,92,280
831.5,256,282
831.0,242,282
830.5,216,284
830.0,186,283
825.5,71,281
825.0,71,281
824.5,71,281
824.0,74,285
827.5,68,282
827.0,68,282
826.5,68,282
826.0,71,281
804.0,201,287
804.5,201,287
805.0,201,287
805.5,201,287
806.0,201,287
806.5,201,287
807.0,201,287
807.5,201,287
800.0,201,287
800.5,201,287
801.0,201,287
801.5,201,287
802.0,201,287
802.5,201,287
803.0,201,287
803.5,201,287
812.5,207,287
812.0,207,287
813.5,207,287
813.0,207,287
814.5,207,287
814.0,207,287
815.5,207,287
815.0,207,287
808.5,201,287
808.0,201,287
809.5,201,287
809.0,201,287
810.5,207,287
810.0,206,287
811.5,207,287
811.0,207,287
791.0,201,287
791.5,201,287
790.0,201,287
790.5,201,287
789.0,201,287
789.5,201,287
788.0,187,291
788.5,190,290
787.0,206,291
787.5,202,290
786.0,218,289
786.5,212,290
785.0,241,287
785.5,226,289
784.0,261,280
784.5,253,284
799.5,201,287
799.0,201,287
798.5,201,287
798.0,201,287
797.5,201,287
797.0,201,287
796.5,201,287
796.0,201,287
795.5,201,287
795.0,201,287
794.5,201,287
794.0,201,287
793.5,201,287
793.0,201,287
792.5,201,287
792.0,201,287
774.0,278,275
774.5,287,273
775.0,287,273
775.5,287,273
772.0,278,275
772.5,278,275
773.0,278,275
773.5,278,275
770.0,278,275
770.5,278,275
771.0,278,275
771.5,278,275
768.0,278,275
768.5,278,275
769.0,278,275
769.5,278,275
782.5,288,272
782.0,288,272
783.5,288,272
783.0,288,272
780.5,287,273
780.0,287,273
781.5,288,273
781.0,287,273
778.5,287,273
778.0,287,273
779.5,287,273
779.0,287,273
776.5,287,273
776.0,287,273
777.5,287,273
777.0,287,273
881.5,249,266
881.0,249,266
880.5,249,266
880.0,249,266
883.5,249,266
883.0,249,266
882.5,249,266
882.0,249,266
885.5,256,266
885.0,256,266
884.5,256,266
884.0,256,266
887.5,256,266
887.0,256,266
886.5,256,266
886.0,256,266
889.0,256,266
889.5,256,266
888.0,256,266
888.5,256,266
891.0,256,266
891.5,256,266
890.0,256,266
890.5,256,266
893.0,256,266
893.5,256,266
892.0,256,266
892.5,256,266
895.0,257,266
895.5,257,266
894.0,256,266
894.5,257,266
864.5,252,263
864.0,252,263
865.5,252,263
865.0,252,263
866.5,252,263
866.0,252,263
867.5,252,264
867.0,252,263
868.5,250,265
868.0,250,265
869.5,249,266
869.0,249,266
870.5,249,266
870.0,249,266
871.5,249,266
871.0,249,266
872.0,249,266
872.5,249,266
873.0,249,266
873.5,249,266
874.0,249,266
874.5,249,266
875.0,249,266
875.5,249,266
876.0,249,266
876.5,249,266
877.0,249,266
877.5,249,266
878.0,249,266
878.5,249,266
879.0,249,266
879.5,249,266
851.5,327,262
851.0,349,266
850.5,363,266
850.0,370,266
849.5,372,267
849.0,380,268
848.5,384,268
848.0,384,268
855.5,296,262
855.0,300,262
854.5,300,262
854.0,300,262
853.5,310,262
853.0,315,263
852.5,319,262
852.0,324,262
859.0,240,262
859.5,240,262
858.0,255,261
858.5,240,262
857.0,261,262
857.5,261,262
856.0,280,262
856.5,275,262
863.0,252,263
863.5,252,263
862.0,252,263
862.5,252,263
861.0,252,263
861.5,252,263
860.0,247,263
860.5,251,263
834.5,341,288
834.0,336,284
835.5,370,296
835.0,351,294
832.5,271,283
832.0,270,283
833.5,312,284
833.0,280,284
838.5,466,308
838.0,446,306
839.5,507,309
839.0,491,308
836.5,407,301
836.0,392,297
837.5,434,302
837.0,428,301
842.0,533,298
842.5,505,292
843.0,482,286
843.5,482,285
840.0,507,309
840.5,523,304
841.0,533,301
841.5,534,300
846.0,420,274
846.5,406,270
847.0,404,270
847.5,384,268
844.0,464,278
844.5,456,278
845.0,431,281
845.5,424,279
956.5,261,264
956.0,261,264
957.5,261,264
957.0,261,264
958.5,261,264
958.0,261,264
959.5,261,264
959.0,261,264
952.5,261,264
952.0,262,264
953.5,261,264
953.0,261,264
954.5,261,264
954.0,261,264
955.5,261,264
955.0,261,264
948.0,262,265
948.5,262,265
949.0,262,265
949.5,262,265
950.0,262,265
950.5,262,265
951.0,262,265
951.5,262,265
944.0,262,265
944.5,262,265
945.0,262,265
945.5,262,265
946.0,262,265
946.5,262,265
947.0,262,265
947.5,262,265
941.5,262,265
941.0,262,265
940.5,262,265
940.0,262,265
943.5,262,265
943.0,262,265
942.5,262,265
942.0,262,265
937.5,262,265
937.0,262,265
936.5,262,265
936.0,262,265
939.5,262,265
939.0,262,265
938.5,262,265
938.0,262,265
933.0,262,265
933.5,262,265
932.0,262,265
932.5,262,265
935.0,262,265
935.5,262,265
934.0,262,265
934.5,262,265
929.0,262,265
929.5,262,265
928.0,262,265
928.5,262,265
931.0,262,265
931.5,262,265
930.0,262,265
930.5,262,265
926.5,262,265
926.0,262,265
927.5,262,265
927.0,262,265
924.5,262,265
924.0,262,265
925.5,262,265
925.0,262,265
922.5,262,265
922.0,262,265
923.5,262,265
923.0,262,265
920.5,262,265
920.0,262,265
921.5,262,265
921.0,262,265
918.0,262,265
918.5,262,265
919.0,262,265
919.5,262,265
916.0,262,265
916.5,262,265
917.0,262,265
917.5,262,265
914.0,262,265
914.5,262,265
915.0,262,265
915.5,262,265
912.0,257,265
912.5,257,265
913.0,261,265
913.5,261,265
911.5,257,265
911.0,257,265
910.5,257,265
910.0,257,265
909.5,257,265
909.0,257,265
908.5,257,265
908.0,257,265
907.5,257,265
907.0,257,265
906.5,257,265
906.0,257,265
905.5,257,265
905.0,257,265
904.5,257,265
904.0,257,265
903.0,257,265
903.5,257,265
902.0,257,265
902.5,257,265
901.0,257,265
901.5,257,265
900.0,257,265
900.5,257,265
899.0,257,265
899.5,257,265
898.0,257,265
898.5,257,265
897.0,257,265
897.5,257,265
896.0,257,266
896.5,257,265
993.5,263,330
993.0,264,322
992.5,265,312
992.0,265,312
995.5,239,363
995.0,249,346
994.5,257,339
994.0,263,331
997.5,195,410
997.0,205,395
996.5,219,377
996.0,230,371
998.0,195,410
986.0,246,290
986.5,246,290
987.0,246,290
987.5,246,290
984.0,249,287
984.5,247,288
985.0,247,290
985.5,246,290
990.0,265,300
990.5,265,308
991.0,265,310
991.5,265,312
988.0,246,290
988.5,246,296
989.0,255,296
989.5,256,298
978.5,242,279
978.0,254,276
979.5,242,280
979.0,242,280
976.5,260,274
976.0,260,274
977.5,259,275
977.0,260,274
982.5,249,287
982.0,247,280
983.5,249,286
983.0,249,286
980.5,242,280
980.0,242,280
981.5,247,280
981.0,244,280
971.0,257,267
971.5,259,269
970.0,257,266
970.5,257,266
969.0,257,266
969.5,257,266
968.0,257,265
968.5,257,266
975.0,260,274
975.5,260,274
974.0,260,274
974.5,260,274
973.0,260,274
973.5,260,274
972.0,260,271
972.5,260,272
963.5,259,264
963.0,259,264
962.5,259,264
962.0,260,264
961.5,261,264
961.0,261,264
960.5,261,264
960.0,261,264
967.5,259,265
967.0,259,264
966.5,259,264
966.0,259,264
965.5,259,264
965.0,259,264
964.5,259,264
964.0,259,264
1117.0,210,378
1117.5,207,371
1116.0,221,385
1116.5,211,379
1119.0,196,331
1119.5,195,329
1118.0,206,367
1118.5,196,340
1113.0,202,444
1113.5,215,421
1112.0,197,472
1112.5,197,454
1115.0,220,392
1115.5,221,391
1114.0,216,408
1114.5,215,398
1134.0,190,304
1134.5,190,304
1135.0,190,304
1135.5,190,304
1132.0,190,304
1132.5,190,304
1133.0,190,304
1133.5,190,304
1130.0,190,304
1130.5,190,304
1131.0,190,304
1131.5,190,304
1128.0,190,304
1128.5,190,304
1129.0,190,304
1129.5,190,304
1126.5,190,304
1126.0,190,304
1127.5,190,304
1127.0,190,304
1124.5,190,304
1124.0,190,304
1125.5,190,304
1125.0,190,304
1122.5,189,305
1122.0,189,305
1123.5,190,304
1123.0,190,305
1120.5,193,318
1120.0,193,322
1121.5,189,311
1121.0,190,316
1151.0,190,304
1151.5,174,304
1150.0,190,304
1150.5,190,304
1149.0,190,304
1149.5,190,304
1148.0,190,304
1148.5,190,304
1147.0,190,304
1147.5,190,304
1146.0,190,304
1146.5,190,304
1145.0,190,304
1145.5,190,304
1144.0,190,304
1144.5,190,304
1143.5,190,304
1143.0,190,304
1142.5,190,304
1142.0,190,304
1141.5,190,304
1141.0,190,304
1140.5,190,304
1140.0,190,304
1139.5,190,304
1139.0,190,304
1138.5,190,304
1138.0,190,304
1137.5,190,304
1137.0,190,304
1136.5,190,304
1136.0,190,304
1221.5,388,261
1221.0,388,261
1220.5,388,261
1220.0,388,261
1223.5,388,261
1223.0,388,261
1222.5,388,261
1222.0,388,261
1217.5,388,261
1217.0,388,261
1216.5,390,262
1216.0,391,262
1219.5,388,261
1219.0,388,261
1218.5,388,261
1218.0,388,261
1229.0,381,263
1229.5,381,263
1228.0,381,263
1228.5,381,263
1231.0,381,263
1231.5,381,263
1230.0,381,263
1230.5,381,263
1225.0,386,261
1225.5,383,263
1224.0,388,261
1224.5,388,261
1227.0,381,263
1227.5,381,263
1226.0,383,263
1226.5,381,263
1236.5,366,262
1236.0,366,262
1237.5,366,262
1237.0,366,262
1238.5,366,262
1238.0,366,262
1239.5,366,262
1239.0,366,262
1232.5,380,263
1232.0,381,263
1233.5,375,263
1233.0,380,263
1234.5,370,262
1234.0,375,263
1235.5,366,262
1235.0,367,262
1244.0,366,262
1244.5,366,262
1245.0,366,262
1245.5,366,262
1246.0,366,262
1246.5,362,262
1247.0,362,262
1247.5,362,262
1240.0,366,262
1240.5,366,262
1241.0,366,262
1241.5,366,262
1242.0,366,262
1242.5,366,262
1243.0,366,262
1243.5,366,262
1255.5,329,263
1255.0,333,263
1254.5,346,262
1254.0,356,263
1253.5,356,262
1253.0,356,262
1252.5,356,262
1252.0,356,262
1251.5,356,262
1251.0,356,262
1250.5,356,262
1250.0,356,262
1249.5,356,262
1249.0,356,262
1248.5,356,262
1248.0,356,262
1263.0,181,259
1263.5,185,261
1262.0,180,259
1262.5,180,259
1261.0,180,258
1261.5,180,258
1260.0,191,257
1260.5,180,258
1259.0,199,262
1259.5,191,258
1258.0,251,265
1258.5,228,260
1257.0,296,261
1257.5,252,266
1256.0,311,258
1256.5,307,260
1270.5,222,261
1270.0,222,261
1271.5,226,263
1271.0,226,263
1268.5,219,259
1268.0,216,259
1269.5,220,260
1269.0,219,260
1266.5,212,259
1266.0,212,259
1267.5,212,259
1267.0,212,259
1264.5,185,261
1264.0,185,261
1265.5,200,260
1265.0,185,261
1278.0,215,265
1278.5,204,263
1279.0,204,263
1279.5,200,262
1276.0,230,268
1276.5,225,269
1277.0,222,267
1277.5,222,267
1274.0,229,265
1274.5,229,265
1275.0,229,265
1275.5,230,268
1272.0,226,263
1272.5,226,264
1273.0,229,265
1273.5,229,265
1153.0,174,304
1153.5,174,304
1152.0,174,304
1152.5,174,304
1155.0,174,304
1155.5,174,304
1154.0,174,304
1154.5,174,304
1157.0,174,304
1157.5,174,304
1156.0,174,304
1156.5,174,304
1159.0,174,304
1159.5,174,304
1158.0,174,304
1158.5,174,304
1161.5,174,304
1161.0,174,304
1160.5,174,304
1160.0,174,304
1163.5,174,304
1163.0,174,304
1162.5,174,304
1162.0,174,304
1165.5,174,304
1165.0,174,304
1164.5,174,304
1164.0,174,304
1167.5,174,304
1167.0,174,304
1166.5,174,304
1166.0,174,304
1168.0,174,304
1168.5,174,304
1169.0,174,304
1169.5,174,304
1170.0,174,304
1170.5,174,304
1171.0,174,304
1171.5,173,304
1172.0,173,304
1172.5,173,304
1173.0,173,304
1173.5,173,304
1174.0,173,304
1174.5,173,304
1175.0,173,304
1175.5,169,304
1176.5,169,304
1176.0,169,304
1177.5,169,304
1177.0,169,304
1178.5,169,304
1178.0,169,304
1179.5,169,304
1179.0,169,304
1180.5,169,304
1180.0,169,304
1181.5,169,304
1181.0,169,304
1183.5,179,299
1183.0,179,299
1187.0,191,295
1187.5,191,289
1186.0,191,295
1186.5,191,295
1185.0,187,297
1185.5,188,296
1184.0,187,297
1184.5,187,297
1191.0,182,281
1191.5,164,285
1190.0,186,282
1190.5,183,281
1189.0,197,286
1189.5,197,286
1188.0,193,288
1188.5,194,288
1195.5,162,283
1195.0,160,283
1194.5,149,285
1194.0,149,285
1193.5,149,285
1193.0,149,285
1192.5,149,285
1192.0,154,286
1199.5,79,282
1199.0,81,281
1198.5,89,276
1198.0,107,278
1197.5,121,284
1197.0,134,284
1196.5,148,283
1196.0,162,283
1202.0,80,284
1202.5,88,285
1203.0,88,285
1203.5,88,285
1200.0,79,283
1200.5,79,283
1201.0,79,283
1201.5,79,283
1206.0,161,281
1206.5,172,280
1207.0,189,278
1207.5,183,278
1204.0,88,285
1204.5,96,287
1205.0,118,286
1205.5,138,282
1210.5,261,275
1210.0,240,278
1211.5,296,271
1211.0,290,272
1208.5,204,279
1208.0,191,279
1209.5,225,279
1209.0,207,280
1214.5,391,262
1214.0,391,262
1215.5,391,262
1215.0,391,262
1212.5,340,267
1212.0,319,269
1213.5,383,262
1213.0,367,263
1375.0,281,422
1375.5,273,432
1374.0,254,398
1374.5,262,409
1373.0,264,378
1373.5,254,395
1372.0,253,367
1372.5,255,368
1371.0,253,366
1371.5,253,367
1370.0,248,351
1370.5,248,354
1369.0,251,338
1369.5,250,339
1368.0,254,325
1368.5,252,337
1367.5,240,325
1367.0,239,325
1366.5,232,323
1366.0,230,322
1365.5,221,318
1365.0,216,317
1364.5,206,312
1364.0,204,311
1363.5,202,310
1363.0,202,310
1362.5,193,304
1362.0,188,299
1361.5,179,291
1361.0,170,288
1360.5,135,290
1360.0,130,290
1358.0,110,290
1358.5,112,290
1359.0,118,290
1359.5,118,290
1356.0,100,290
1356.5,100,290
1357.0,100,290
1357.5,100,290
1354.0,100,290
1354.5,100,290
1355.0,100,290
1355.5,100,290
1352.0,100,290
1352.5,100,290
1353.0,100,290
1353.5,100,290
1350.5,94,290
1350.0,86,290
1351.5,100,290
1351.0,100,290
1348.5,85,291
1348.0,84,292
1349.5,85,291
1349.0,85,291
1346.5,83,292
1346.0,83,292
1347.5,83,292
1347.0,83,292
1344.5,83,292
1344.0,83,292
1345.5,83,292
1345.0,83,292
1376.5,208,449
1376.0,239,436
1377.5,177,464
1377.0,178,465
1378.0,177,464
1307.5,80,294
1307.0,80,294
1306.5,80,294
1306.0,80,294
1305.5,75,293
1305.0,68,289
1304.5,68,289
1304.0,70,288
1311.5,95,291
1311.0,90,291
1310.5,83,291
1310.0,78,293
1309.5,78,293
1309.0,78,293
1308.5,79,294
1308.0,80,294
1299.0,143,274
1299.5,133,279
1298.0,160,273
1298.5,157,274
1297.0,174,267
1297.5,165,273
1296.0,199,265
1296.5,199,265
1303.0,70,288
1303.5,70,288
1302.0,72,286
1302.5,70,288
1301.0,103,285
1301.5,85,286
1300.0,132,280
1300.5,122,282
1290.5,207,262
1290.0,207,262
1291.5,207,262
1291.0,207,262
1288.5,207,262
1288.0,206,262
1289.5,207,262
1289.0,207,262
1294.5,200,265
1294.0,200,265
1295.5,199,265
1295.0,199,265
1292.5,207,262
1292.0,207,262
1293.5,200,265
1293.0,207,262
1282.0,202,261
1282.5,202,261
1283.0,202,261
1283.5,202,261
1280.0,200,262
1280.5,200,262
1281.0,200,262
1281.5,200,262
1286.0,206,262
1286.5,206,262
1287.0,206,262
1287.5,206,262
1284.0,202,261
1284.5,206,262
1285.0,206,262
1285.5,206,262
1337.5,73,288
1337.0,73,288
1336.5,73,288
1336.0,73,288
1339.5,70,288
1339.0,70,288
1338.5,73,288
1338.0,73,288
1341.5,70,288
1341.0,70,288
1340.5,70,288
1340.0,70,288
1343.5,83,292
1343.0,83,292
1342.5,80,291
1342.0,70,288
1329.0,134,303
1329.5,133,305
1328.0,134,303
1328.5,134,303
1331.0,128,303
1331.5,128,302
1330.0,133,305
1330.5,133,305
1333.0,107,294
1333.5,94,292
1332.0,126,295
1332.5,126,295
1335.0,74,288
1335.5,73,288
1334.0,87,292
1334.5,81,292
1320.5,131,302
1320.0,131,302
1321.5,131,302
1321.0,131,302
1322.5,134,303
1322.0,134,303
1323.5,134,303
1323.0,134,303
1324.5,134,303
1324.0,134,303
1325.5,134,303
1325.0,134,303
1326.5,134,303
1326.0,134,303
1327.5,134,303
1327.0,134,303
1312.0,95,291
1312.5,95,291
1313.0,95,291
1313.5,96,291
1314.0,102,291
1314.5,110,291
1315.0,118,291
1315.5,124,292
1316.0,124,297
1316.5,124,298
1317.0,125,300
1317.5,128,301
1318.0,131,302
1318.5,131,302
1319.0,131,302
1319.5,131,302
